OU ID,OU Name,Parent ID,Owner Id,Description,Active,Allow Reconciliation
554,"LPOPTC Operations",,,,TRUE,TRUE
409,"Development",,,,TRUE,TRUE
440,"NGB Business Development",,,,TRUE,TRUE
432,"International Relations",,,,TRUE,TRUE
538,"Chief of Staff",,,,TRUE,TRUE
416,"Office Services",,,,TRUE,TRUE
481,"Sport Performance II",,,,TRUE,TRUE
464,"CVOTC Transportation",,,,TRUE,TRUE
503,"Organizational Excellence",,,,TRUE,TRUE
549,"CVOPTC Medical Clinic",,,,TRUE,TRUE
516,"Annual and Major Gifts",,,,TRUE,TRUE
484,"Sport Performance V",,,,TRUE,TRUE
528,"Games Operations",,,,TRUE,TRUE
417,"Payroll",,,,TRUE,TRUE
442,"Security",,,,TRUE,TRUE
425,"Technology Operations",,,,TRUE,TRUE
415,"Accounts Payable",,,,TRUE,TRUE
412,"Major Gifts",,,,TRUE,TRUE
495,"LPOTC Facilities",,,,TRUE,TRUE
459,"CVOTC Facilities",,,,TRUE,TRUE
513,"Paralympic Development",,,,TRUE,TRUE
544,"CSOPTC Program Management",,,,TRUE,TRUE
556,"LPOPTC Transportation",,,,TRUE,TRUE
441,"Partnership Marketing",,,,TRUE,TRUE
510,"USOC Legal",,,,TRUE,TRUE
474,"CSOTC Medical Clinic",,,,TRUE,TRUE
525,"Collegiate Partnerships",,,,TRUE,TRUE
486,"International Games",,,,TRUE,TRUE
497,"Training Sites/Comm Part",,,,TRUE,TRUE
527,"Business Development",,,,TRUE,TRUE
451,"CSOTC Food & Nutr Svcs",,,,TRUE,TRUE
558,"Events & Logistics",,,,TRUE,TRUE
413,"Finance",,,,TRUE,TRUE
492,"Ethics and Safe Sport",,,,TRUE,TRUE
511,"USOC High Performance Ctr",,,,TRUE,TRUE
494,"Video Technologies",,,,TRUE,TRUE
444,"CVOTC Security",,,,TRUE,TRUE
404,"Strategic Planning",,,,TRUE,TRUE
408,"Visitor Center",,,,TRUE,TRUE
461,"CVOTC Operations",,,,TRUE,TRUE
419,"Revenue",,,,TRUE,TRUE
457,"CSOTC Venues",,,,TRUE,TRUE
532,"NGB/HPMO Services",,,,TRUE,TRUE
458,"Olympic Training Ctr - CV",,,,TRUE,TRUE
552,"LPOPTC Housing",,,,TRUE,TRUE
506,"Direct Mktg, Events, Lcsg",,,,TRUE,TRUE
473,"Sports Medicine",,,,TRUE,TRUE
514,"Planned Gifts",,,,TRUE,TRUE
423,"Information Technology",,,,TRUE,TRUE
542,"CSOPTC Medical Clinic",,,,TRUE,TRUE
401,"Chief Executive Officer",,,,TRUE,TRUE
507,"Athlete Services",,,,TRUE,TRUE
559,"Service Operations",,,,TRUE,TRUE
429,"Government Relations",,,,TRUE,TRUE
465,"CVOTC Venues",,,,TRUE,TRUE
523,"Team USA Annual Fund",,,,TRUE,TRUE
491,"CVOTC Athlete & Comm Rels",,,,TRUE,TRUE
500,"Paralympic High Perf",,,,TRUE,TRUE
541,"CSOPTC Food & Nutr Svcs",,,,TRUE,TRUE
520,"Business Affairs",,,,TRUE,TRUE
529,"Strategy & Bus Consulting",,,,TRUE,TRUE
537,"Clean Competition",,,,TRUE,TRUE
433,"Marketing",,,,TRUE,TRUE
557,"USOPC Legal",,,,TRUE,TRUE
407,"Paralympic Communications",,,,TRUE,TRUE
536,"Sport Perf & NGB Svcs",,,,TRUE,TRUE
502,"Intl Competitive Analysis",,,,TRUE,TRUE
517,"Business Operations",,,,TRUE,TRUE
483,"Sport Performance IV",,,,TRUE,TRUE
445,"Sport Operations",,,,TRUE,TRUE
420,"Risk Management",,,,TRUE,TRUE
560,"People and Culture",,,,TRUE,TRUE
418,"Purchasing",,,,TRUE,TRUE
422,"Human Resources",,,,TRUE,TRUE
555,"LPOPTC Program Management",,,,TRUE,TRUE
547,"USOPC Productions",,,,TRUE,TRUE
405,"Communications",,,,TRUE,TRUE
450,"CSOTC Aquatics Center",,,,TRUE,TRUE
424,"Enterprise Applications",,,,TRUE,TRUE
504,"USOC Productions",,,,TRUE,TRUE
414,"Accounting",,,,TRUE,TRUE
475,"CVOTC Medical Clinic",,,,TRUE,TRUE
545,"CSOPTC Transportation",,,,TRUE,TRUE
534,"NGB/HPMO Compliance/Audit",,,,TRUE,TRUE
426,"Internal Audit",,,,TRUE,TRUE
448,"Facilities Management",,,,TRUE,TRUE
522,"Principal & Major Gifts",,,,TRUE,TRUE
476,"LPOTC Medical Clinic",,,,TRUE,TRUE
530,"IT Project Management",,,,TRUE,TRUE
546,"CSOPTC Vehicle Maint",,,,TRUE,TRUE
499,"Coaching and Education",,,,TRUE,TRUE
431,"NGB Org Development",,,,TRUE,TRUE
521,"Strategic Partnerships",,,,TRUE,TRUE
460,"CVOTC Food & Nutr Svcs",,,,TRUE,TRUE
485,"Sports Medicine Network",,,,TRUE,TRUE
540,"CSOPTC Aquatics Center",,,,TRUE,TRUE
550,"LPOPTC Facilities",,,,TRUE,TRUE
455,"CSOTC Transportation",,,,TRUE,TRUE
543,"CSOPTC Operations",,,,TRUE,TRUE
539,"U.S. Paralympics",,,,TRUE,TRUE
403,"Athlete Ombudsman",,,,TRUE,TRUE
453,"CSOTC Program Management",,,,TRUE,TRUE
467,"LPOTC Food & Nutr Svcs",,,,TRUE,TRUE
462,"CVOTC Program Management",,,,TRUE,TRUE
452,"CSOTC Operations",,,,TRUE,TRUE
469,"LPOTC Operations",,,,TRUE,TRUE
435,"Business Development",,,,TRUE,TRUE
482,"Sport Performance III",,,,TRUE,TRUE
468,"LPOTC Housing",,,,TRUE,TRUE
553,"LPOPTC Medical Clinic",,,,TRUE,TRUE
551,"LPOPTC Food & Nutr Svcs",,,,TRUE,TRUE
477,"Sport Performance",,,,TRUE,TRUE
498,"Diversity & Inclusion",,,,TRUE,TRUE
430,"Protocol",,,,TRUE,TRUE
533,"Athlete Safety",,,,TRUE,TRUE
524,"Logistics",,,,TRUE,TRUE
480,"Sport Performance I",,,,TRUE,TRUE
548,"CSOPTC Venues",,,,TRUE,TRUE
